Company Name,Website URL,Hero Message/Tagline,Value Proposition,Pricing,Pricing Model,Positioning Statement,Target Audience,Key Differentiators,Primary Use Cases
"AWS Textract","https://aws.amazon.com/textract/","Intelligently Extract Text & Data with OCR","Machine learning service that automates extraction of text, handwriting, and data from scanned documents without manual configuration","$1.50/1K pages (OCR up to 5M), $0.60/1K (>5M pages), Analyze Expense: $0.10/10 pages, Forms/Tables: $50/1K pages, Free tier: 1,000 pages/month (first 3 months)","Per page/API call, volume discounts","Low-friction API to add OCR/extraction at scale on AWS ecosystem","Developers already on AWS, Enterprise IT teams","Seamless AWS integration (S3/Lambda/SNS/SQS), handles handwriting, layout understanding without templates, scales automatically, VPC/PrivateLink support","OCR, forms, tables, handwriting; invoices, receipts, IDs, tax forms"
"Azure Document Intelligence (Form Recognizer)","https://learn.microsoft.com/en-us/azure/ai-services/document-intelligence/overview","Accelerate information extraction from documents","Automated text extraction, customizable models for specific document types, flexible cloud/on-premises deployment, markdown output for RAG workflows","Prebuilt models: $10/1K pages, Custom models: $50/1K pages (training FREE), Free tier: 2 pages per document","Per page/API call, subscription options","Enterprise OCR + low-code Studio with Power Platform integration and prebuilt processors","M365 admins, Enterprise IT, Citizen developers via Power Apps","Power Platform integration, markdown output for RAG workflows, 22+ prebuilt models, low-code Studio, searchable PDF output, custom classification with incremental training","Prebuilt + custom models; invoices, receipts, IDs, tax forms, mortgage documents, bank statements"
"Google Document AI","https://cloud.google.com/document-ai","Automate document processing and unlock insights from structured and unstructured documents","High-accuracy document processors for classification, splitting, and data extraction across 200+ languages, generative AI integration","OCR: $1.50/1K pages (up to 5M), $0.60/1K (>5M), Custom Extractor/Form Parser: $30/1K pages (up to 1M), $20/1K (>1M), Pretrained parsers: $0.10/10 pages, Layout Parser: $10/1K pages","Per page/API call, tiered pricing","Foundation models for documents with 200+ languages OCR, Workbench for customization, and rich pretrained processors","Developers, GCP users, Global enterprises needing multi-language support","200+ language OCR, rich set of pretrained parsers (invoice, bank statement, utility, ID, W2), Vertex AI integration, generative AI capabilities, Document AI Workbench","Pretrained processors for bank statements, W2, utility bills, IDs, custom document types"
"ABBYY Vantage","https://www.abbyy.com/vantage/","Intelligent document processing platform - Transform information into business value","95% automation with pre-trained AI models, low-code/no-code platform with 150+ marketplace skills, 90% day-1 accuracy for many skills","Median: $150,000-190,000/year, Volume-based: $8,000 (50K pages) → $1,750,000 (50M pages), Free trial: 2,000 pages core skills, 1,000 pages trained skills (60 days)","Subscription + usage, volume-based tiers","Leader in intelligent automation with low-code IDP platform and marketplace of reusable skills","Operations teams, CoEs, System Integrators, Enterprise IT","150+ pre-trained skills in marketplace, continuous learning from user corrections, 90% day-1 accuracy claims, integrations with major RPA platforms (UiPath, Power Automate, Blue Prism), human-in-the-loop built-in","Multi-doc IDP including handwriting, invoices, POs, forms; 150+ skills for various industries"
"UiPath Document Understanding","https://www.uipath.com/product/document-understanding","Intelligent Document Processing - Document Understanding within agentic automation platform","Extract insights from structured and unstructured documents, agentic orchestration with AI guardrails, no-code configurable interface, human-in-the-loop validation","Basic: $25/month, Standard/Enterprise: Custom pricing, AI Units consumption: 0.2-1.0 units per page depending on features (Generative Classification/Extraction: 0.2 units/page, Validation: +0.2 units)","Subscription + AI unit consumption","Integrated with UiPath automation ecosystem, agentic automation for document processing with HITL built-in","Automation CoE, Developers, Enterprise IT teams","Agentic orchestration with UiPath platform, no-code interface, AI guardrails for compliance, GenAI-assisted extraction, IXP for multi-modal data, seamless RPA integration, strong ecosystem","Classification, extraction, validation for invoices, receipts, forms, claims, contracts across all document types"
"Hyperscience","https://www.hyperscience.ai/","Industry Leading Enterprise AI Platform - Accelerate Outcomes with AI-Powered Automation","99.5% accuracy, FedRAMP High authorized, streamline workflows, reduce errors, accelerate business outcomes, trusted by Fortune 500","Essentials (on-premises): $50,000+, Custom enterprise pricing, 30-day free trial available","Subscription, custom enterprise contracts","High-accuracy, secure enterprise deployments for government and regulated industries with FedRAMP High authorization","Large enterprises, Federal agencies, FSI (Financial Services & Insurance)","FedRAMP High authorization, 99.5% accuracy claims, partnership with Palantir for federal deployment, seamless tech stack integration, enhances GenAI by structuring complex documents","Complex forms, handwriting, documents for government, financial services, healthcare; training data for AI models"
"Tungsten Automation (Kofax)","https://www.tungstenautomation.com/","Trusted Choice in Workflow Automation - AI-Powered Intelligent Automation","Process 530M+ invoices annually, handle any invoice format globally, compliance in 140+ countries, Document AI + GenAI integration","Subscription-based, custom pricing for enterprises","End-to-end workflow + IDP with strong AP automation, recognized as Gartner Magic Quadrant leader","Operations/Finance/IT teams, Shared services","Processes 530M+ invoices/year, 140+ ERP/system connectors, global invoice format support, TAP (Tungsten Automation Platform) for workflow automation, rebranded from Kofax in 2024","Capture, classify, extract; AP automation, invoices, traditional + e-invoicing workflows"
"Rossum","https://rossum.ai/","AI Document Processing For Transactional Workflows - Eliminate manual tasks and enhance data accuracy","90% automation rate, 95% time saved per document, template-free AI, processes documents in 276 languages, real-time insights dashboard","Starter: $18,000/year, Business: Custom (adds master data matching, duplicate detection), Enterprise: Custom (adds SSO, sandbox), Ultimate: Custom (multi-doc transactions, custom domain)","Subscription + usage, based on volume and workflow complexity","Invoice-first IDP with strong AP outcomes, template-free and low-code solution recognized as IDP leader","AP/Finance operations teams, Finance shared services","60%+ STP cited in case studies, 276 languages support, duplicate detection, master data matching, real-time processing insights, automated approval workflows, integrations with SAP, Oracle, NetSuite","Invoices, POs, receipts; AP workflows, vendor management, approval routing"
"Ocrolus","https://www.ocrolus.com/","AI Workflow and Analytics Platform for Lenders - Make faster, smarter lending decisions","Transform documents into actionable credit analytics, 99%+ accuracy with ML + human validation, <15 min data extraction, 4-hour loan decisions possible","Median: $110,000/year (Range: $74,000-522,000), Contact sales for custom pricing, Free plan + On-demand + Committed options","Subscription + per document, tiered pricing","Document automation for lending decisions with HITL, cash flow analysis, and fraud detection","Lenders, Fintech operations, Mortgage lenders, SMB funding","Cash flow & income-based underwriting focus, regulatory-grade data capture, fraud detection with 99%+ accuracy, human validation layer (HITL core to offering), API + dashboard integration with LOS","Bank statements, pay stubs, IDs, cashflow analysis for SMB lending, mortgages, consumer lending"
"Indico Data","https://indicodata.ai/","The Agentic Decisioning Platform - Intelligent Intake for Insurance","90%+ reduction in SOV processing time, 50% increase in net written premiums without additional staff, decision-ready insights in minutes","Subscription (custom enterprise pricing)","Unstructured intake for P&C Insurance submissions and claims with purpose-built templates and agentic AI","Insurance ops/IT, Underwriters, Claims adjusters","Purpose-built templates for insurance product lines, agentic AI for automation, 90%+ time reduction on SOVs, full traceability of data points, rapid deployment workflows, real-time feedback","Submissions intake, claims documents, policy docs for P&C Insurance, automated classification/extraction/normalization"
"Docsumo","https://www.docsumo.com/","Document AI Platform Built for Scale & Efficiency - Eliminate manual paperwork","95%+ accuracy, automated sorting/classification/extraction, process documents in seconds, trusted by 10,000+ businesses, 95% STP rate","Growth Plan: Volume-based starting $2,000 for 10,000 docs/month, Business: Unlimited users with advanced features, Enterprise: Custom pricing, Free: 100 credits for testing","Subscription + usage, volume-based tiers","Document AI with 100+ pre-trained models and transparent pricing for SMBs and mid-market","Ops/IT at SMBs and mid-market, Finance teams, Logistics operations, Banking","India-based with transparent pricing, 95% straight-through processing rate, 100+ pre-trained models, API/webhook integrations, free document upload to test accuracy, no-code + API options, SOC2 certified","Invoices, bank statements, KYC/ID documents, logistics docs, financial statements, contracts"
"Nanonets","https://nanonets.com/","AI-Powered Intelligent Document Processing & Workflow Automation - Automate Complex Workflows","88.3% reduction in manual tasks, 3.5x median ROI in 6 months, no-code platform, workflow automation end-to-end","$200 free credits to start, Pay-as-you-go: $0.30/page, Pro Plan: 10,000 pages/month (recently doubled from 5K), Workflow block-based pricing model","Subscription + usage, workflow-based pricing","No-code/low-code templates + custom models with comprehensive workflow automation and AI blocks","Ops/IT at SMB/mid-market, Finance teams, Manufacturing, AP automation","Zero Shot Extraction with generative AI (no training needed), 100+ pre-trained models, workflow automation builder, Zapier/Make integrations, 88.3% manual task reduction, SOC2 certified","Generic IDP for invoices, receipts, KYC, custom workflows, data extraction, document approvals across industries"
"Veryfi","https://www.veryfi.com/","Developer Tools - OCR API and SDK for Data Extraction - Day-1 Accuracy, 100% Automation","Convert documents into structured JSON with minimal coding, mobile capture SDKs, fraud detection suite, real-time processing","Free: 100 docs/month, Starter: $500/month minimum ($0.08/receipt, $0.16/invoice = 6,250 receipts OR 3,125 invoices), Growth: Volume discounts with no minimum","Per API call, tiered by document type","Fast developer-focused OCR+extraction with strong mobile SDKs for receipts and invoices","Developers, Product teams building fintech/expense/AP apps, Mobile app developers","Mobile capture SDKs (iOS/Android/React Native/Flutter), fraud detection suite, 14-day free trial, real-time processing, multi-language support, SOC2 Type II certified","Receipts, invoices, checks, W2/W9, business cards, bills for expense management and AP automation"
"Mindee","https://www.mindee.com/product/invoice-ocr-api","Invoice Data Extraction using an OCR API - Developer-friendly OCR for invoices","No custom templates needed, supports multiple languages/currencies, simple REST API with structured JSON, batch or live processing","Developer: 250 pages/month FREE, Starter: €44/month (500 pages), Pro: €179/month (2,500 pages), Business: €584/month (10K pages), Additional: €0.04-0.05/page","Per API call, tiered subscription","Developer-first invoice/receipt API with unlimited models and training-free processing (docTI)","Developers building fintech, expense, AP automation, Accounting software companies","docTI (Document Tailored Intelligence) - training-free OCR/IDP, clean REST API design, RAG support for 20-unlimited documents, open-source docTR library, unlimited models per plan","Invoices, receipts, passports, financial documents, custom document types with AI Agent"
"Klippa DocHorizon","https://www.klippa.com/en/dochorizon/","AI-Powered Intelligent Document Processing - No-code IDP platform for workflow automation","90% reduction in turnaround time, 80% reduction in admin costs, 50+ document types supported, ISO 9001 & 27001 certified","Free trial with €25 credits, Pay-as-you-go model, Monthly billing based on actual usage, no platform fees","Pay-as-you-go, usage-based","No-code IDP with prompt builder, 50+ integrations, and European compliance focus","SMB/Mid-market IT teams, Finance operations, European customers","Drag-and-drop workflow builder, GDPR compliant, 50+ document types, fraud detection, 50+ integrations, ISO 27001 certified, async APIs, one-click integrations","Invoices, receipts, ID cards, contracts, passports, bank statements, custom documents"
"Extend (YC W23)","https://www.extend.ai/","Document processing reimagined with LLMs - Transform complex documents into high-quality structured data","95%+ accuracy using LLMs and OCR, handles complex layouts and lengthy documents, low-code tooling for rapid deployment","Per API call (custom quotes), contact sales for pricing","Developer-first GenAI doc extraction with comprehensive platform (models + infrastructure + tools)","Developers at tech companies (Chime, Brex, other fintechs), Engineering teams","LLM-powered extraction, handles complex document layouts, low-code tooling, rapid deployment and iteration, used by major fintechs (Chime, Brex), Y Combinator W23","Invoices, receipts, forms, contracts, complex multi-page documents, custom document workflows"
"Infrrd","https://www.infrrd.ai/","Intelligent Document Processing for Mortgage & Insurance - No-Touch Processing","AI-driven IDP for structured and unstructured documents, high accuracy data extraction, no-touch processing claims","Subscription (custom enterprise pricing)","Vertical packs for mortgage/insurance with no-touch processing, recognized as Leader and Star Performer in Everest Group PEAK Matrix 2025","Operations in Mortgage/Insurance, Banking","Vertical-specific solutions (mortgage/insurance), no-touch processing focus, AI-driven visual + NLP processing, Everest Group Leader 2025, innovation and customer experience focus","Claims, mortgage documents, invoices, forms for FSI vertical"
"Hypatos","https://www.hypatos.ai/","AI Agents for Touchless AP - Invoice Automation Excellence","99% automation rate claimed, AI agents handle invoices end-to-end, touchless AP workflows","Subscription (custom pricing)","AI agents for touchless AP with strong SAP ecosystem partnerships","Finance shared services, AP/Procurement teams","99% automation rate claims, SAP/xSuite partnerships, AI agent-based approach, touchless invoice processing focus","Invoices, AP workflows, procurement documents"
"Ephesoft Transact","https://ephesoft.com/","Intelligent Document Processing Platform - Transform unstructured content into actionable data","95% faster processing, 99.9% accuracy claims, open architecture with extensive APIs, hybrid deployment options","Subscription-based (contact for pricing)","Open architecture with extensive APIs, hybrid deployment for regulated industries","IT/Ops in regulated industries (FSI, Insurance, Government)","Open architecture, extensive APIs, hybrid/on-prem/cloud deployment flexibility, Semantik AI Engine for classification, 99.9% accuracy claims","Capture, classify, extract for handwriting/ICR, forms, invoices in regulated environments"
"WorkFusion (Work.AI)","https://www.work.ai/intelligent-document-processing/","Pretrained Models + Fusion Learning for BFSI - Intelligent Document Processing","Everest PEAK Leader recognition, pretrained models for banking workflows, Fusion Learning approach","Subscription (enterprise pricing)","Pretrained models + Fusion Learning for BFSI operations","Operations in Banking/Insurance, Financial services","Leader in Everest PEAK assessment (vendor claim), pretrained models for BFSI, Fusion Learning methodology, RPA/BPM integrations","KYC, onboarding, invoices for banking and insurance"
"Affinda","https://www.affinda.com/","AI-Powered Resume Parser & Invoice Processing - Automate Recruitment and AP","Accurately extract data from resumes in 50+ languages, 95%+ accuracy, flexible consumption-based pricing","Starter: $0.20/page (first 14 days free), Business: Tiered ($0.20 for 0-2.5K, $0.15 for 2.5K-10K, $0.10 for 10K-30K, $0.05 for 30K+ pages), Enterprise: Custom, Resume Parser: $800/year (6K credits) to $18K/year (780K credits)","Consumption-based, per-page pricing","AI parsing for resumes and invoices with HR/recruitment and AP automation focus","HR/Recruitment teams, Operations/IT for AP, ATS/ERP integrations","50+ language support for resumes, 95%+ accuracy, flexible tiered pricing, ATS/HR tech integrations, 14-day free trial, monthly billing in arrears","Resumes, invoices, recruitment documents, AP documents"
"Onfido","https://onfido.com/","Identity Verification Platform - Real Identity Platform with Atlas™ AI","Fast and accurate verification with proprietary AI, no-code orchestration (Onfido Studio), comprehensive verification suite","Contact for pricing, Per verification model, No setup/implementation charges","Identity verification platform with document capture and biometric checks","Fraud/Compliance teams, Fintech, Crypto, Marketplaces","Real Identity Platform with Atlas™ AI, Onfido Studio (no-code orchestration), automated onboarding, KYC/AML compliance, identity fraud prevention, ~2,500 document support","ID documents, selfies, biometric verification for KYC/AML"
"Veriff","https://www.veriff.com/","Identity Verification at Scale - 6-second verification, 95% first-try success","Instant verification in ~6 seconds, 95% first-try success rate, 12,000+ documents supported, 48 languages, 98% automation with AI","Contact for pricing, No resubmission fees, No setup charges, Per verification","ID verification with superior speed, document coverage, and customer support","Fraud/Compliance, Marketplaces, Fintech, Gaming","12,000+ identity documents supported (vs competitors ~2,500), 6-second verification speed, 230+ countries, advanced fraud prevention with Risk Labels, no hidden fees, transparent pricing","ID documents, liveness detection, biometric checks for marketplaces and fintech"
"Jumio","https://www.jumio.com/","ID Verification at Scale - Identity verification with liveness detection","Automated identity verification with document and biometric checks, fraud prevention","Contact for pricing, Per verification model","ID verification at scale with liveness and fraud detection for fintech and travel","Fintech, Travel, Gaming, Crypto","Liveness detection, document + biometric verification, fraud prevention, global coverage, compliance with KYC/AML regulations","ID documents, passports, liveness checks for fintech and travel onboarding"
"Trulioo","https://www.trulioo.com/","Global Identity Platform - KYC/AML for Fintech","Global KYC/AML verification, identity document checks, database verification","Per verification pricing","Global identity platform for KYC/AML compliance","Fintech, Payment processors, Crypto","Global coverage, AML/KYC compliance, database verification, API-first, identity verification across 195+ countries","ID documents, AML checks, database verification for fintech compliance"
"Sumsub","https://sumsub.com/","KYC/AML/KYB Platform - Full-cycle compliance workflows","Compliance workflows for identity, AML screening, ongoing monitoring, KYB (business verification)","Per verification pricing, tiered by features","KYC/AML/KYB compliance platform with full-cycle workflows","Fintech, Crypto exchanges, Gaming, Marketplaces","Full-cycle compliance (KYC/AML/KYB), ongoing monitoring, AML screening, business verification, crypto-focused features","ID docs, AML screening, KYB verification, ongoing compliance monitoring"
"Persona","https://withpersona.com/","Customizable Identity Platform - Build custom KYC flows","Customizable KYC flows with no-code builder, database checks, document verification","Per verification pricing, contact for details","Identity platform with highly customizable KYC flows and orchestration","Fintech, Marketplaces, Healthcare, Crypto","Highly customizable flows (no-code builder), database checks, flexible orchestration, developer-friendly API, case management","ID documents, database checks, custom verification workflows"
"Tungsten Automation (Kofax)","https://www.tungstenautomation.com/","Trusted Choice in Workflow Automation - AI-Powered Intelligent Automation","Process 530M+ invoices annually, handle any invoice format globally, compliance in 140+ countries","Subscription-based, contact for enterprise pricing","End-to-end workflow + IDP; strong AP automation, Gartner Magic Quadrant leader","Operations, Finance/IT teams, Shared services centers","530M+ invoices processed/year, 140+ country compliance, 140+ ERP/RPA connectors, Document AI + GenAI, global format support, rebranded from Kofax Jan 2024","Capture, classify, extract; AP automation, traditional invoicing + e-invoicing"
"Parashift","https://www.parashift.io/","Document Automation for SMEs - Intelligent Document Processing","AI-driven document automation with EU data protection compliance, cloud-native solution","Subscription model (via partners like JobRouter)","Swiss IDP vendor focusing on SME document automation with EU compliance","SMEs, European customers needing GDPR compliance","Swiss-based, EU data protection compliance, cloud-native, partnership with JobRouter for SME offering, AI-driven extraction","Invoices, receipts, various business documents for European SMEs"
"Konfuzio","https://konfuzio.com/en/","AI Software for Texts, Documents and Emails - Document AI Platform","Optimize data management across healthcare, public admin, industry, auditing, banking, insurance sectors","Contact for pricing, Custom solutions per industry","German document AI platform with industry-specific solutions and AI training capabilities","Healthcare, Public administration, Industry, Auditing, Banking, Insurance (Germany focus)","Germany-based, industry-specific tailored solutions, AI training via web browser, Meta AI for autonomous model training, SmartView/ReView tools, OCR API, multi-tenant and on-premises options","Texts, documents, emails across healthcare, public sector, financial services"
"FormX.ai","https://www.formx.ai/","OCR API for Document Extraction - Convert documents to structured JSON","Hong Kong-based OCR API, pre-built extractors for common docs, train custom models with samples, fixed layout extraction","Contact for pricing, API-based","Hong Kong OCR API with pre-built extractors and custom training options","Developers, Businesses in Hong Kong and APAC, Finance, Telecom","Hong Kong-based, pre-built extractors for Gov IDs/Invoices/Receipts, train models with up to 100 samples, fixed layout extractor, used in HK Government Consumption Voucher Scheme","Government IDs, Invoices, Receipts, Identity documents for KYC in APAC"
"Base64.ai","https://base64.ai/","AI-Powered Document Intelligence - IDP Startup of the Year","99.7% accuracy with 2,800+ pre-trained GenAI models, process documents in 5 seconds (vs weeks manually), no-code integration","Contact for pricing, SaaS/On-Prem/Air-Gap deployment options","IDP Startup of the Year with 2,800+ pre-built GenAI models and enterprise-grade security","Insurance, Finance, Healthcare, Manufacturing","2,800+ pre-trained Generative AI models, 99.7% accuracy claims, 5-second processing vs weeks manual, no-code integration, API-first (go live in <1 hour), enterprise security (SaaS/On-Prem/Air-Gap)","Claims processing, loan origination, invoice processing, various structured and unstructured documents"
"Zamna","https://www.zamna.com/","Airline Regulatory Document Automation - Travel Rules Engine","Automate validation of regulatory documents and travel rules, 70M+ verifications, 180+ issuing countries","Contact for pricing, B2B for airlines","Airline-focused identity verification and regulatory document automation for travel compliance","Airlines, Travel industry, Border control","70M+ travel document verifications, 180+ issuing countries supported, pre-travel verification (ETIAS, visa checks), DCS integration, no hardware/wallets needed, eliminates manual checks","Passports, visas, travel permits, ETIAS compliance for airline operations"
"Pulse AI (YC S24)","https://studio.trypulse.ai","Production-grade Unstructured Document Extraction for LLMs - Vision Language Models + OCR","API converts complex documents into LLM-ready inputs using proprietary VLMs and advanced OCR, handles 75% of enterprise data (PDFs)","API access, Contact for pricing","GenAI-native document extraction for enterprise LLM pipelines, YC S24 batch","Developers, Enterprises using LLMs in healthcare, manufacturing, supply chain","YC S24 backed, $3.9M seed funding, proprietary Vision Language Models, handles handwritten/foreign language texts, 75% of enterprise data (unstructured PDFs), reasoning tool for spreadsheets","Forms, invoices, IDs, complex PDFs, spreadsheets for LLM training and inference workflows"
"Reducto (YC W24)","https://www.reducto.ai/","AI Tool Turns PDFs and Spreadsheets into Data LLMs Can Use - Document Processing for LLMs","Enables LLMs to read complex documents by recognizing visual cues (paragraph spacing, list hierarchies)","Contact for pricing","Document processing specifically designed for LLM workflows and RAG pipelines","Legal tech startups, Healthcare companies, Tech companies enhancing AI","YC W24, $8.4M seed funding (First Round Capital lead), mimics human reading of documents, recognizes visual cues, used by legal tech/healthcare, major tech company client","PDFs, spreadsheets, complex documents for LLM/RAG workflows"
"Send AI","https://www.sendai.nl/","Extract Data from Complex Documents - AI for Regulated Industries","Customizable AI models for unstructured documents (PDFs, images), human oversight validation for uncertain results","Contact for pricing","Document processing for regulated industries (insurance) with human oversight, Google Gradient Ventures backed","Enterprises in regulated industries (insurance, finance)","€2.2M ($2.4M) funding co-led by Google's Gradient Ventures, customizable AI models per use case, human oversight for validation, focus on regulated industries, enhances document images","Complex unstructured documents, PDFs, images for insurance and regulated industries"
"Upstage","https://www.upstage.ai/","Document AI Startup - Advanced Document AI Technologies","Global document AI platform with advanced processing capabilities","Funded with $72M for global expansion (2024)","Document AI platform for global enterprises, South Korea based","Global enterprises, Businesses in APAC","$72M funding for global expansion (April 2024), South Korea-based, advanced document AI technologies","Various document types for enterprise document processing"
"DocuPanda (Founded 2024)","https://www.docupanda.io","End-to-end AI Solution for Document Understanding and Insights","Combines document parsing (OCR, data extraction) with generative AI for standardization and classification","Contact for pricing","Emerging NYC-based IDP startup leveraging advanced AI (founded 2024)","Businesses needing document management automation","Founded 2024 in NYC, combines document parsing with generative AI, end-to-end solution from extraction to insights","Documents requiring parsing, standardization, and classification"
"Cambrion (Founded 2024)","https://www.cambrion.ai","Context-aware Document Processing with VLMs and AI","Transform unstructured data (documents, emails, images) into structured actionable insights, B2B SaaS for workflow automation","Contact for pricing, B2B SaaS subscription","Munich-based (founded 2024) context-aware IDP with VLMs, data sovereignty focus, Telekom TechBoost program","Enterprises needing unstructured data management with data sovereignty","Founded 2024 in Munich, Very Large Models (VLMs) for context-aware processing, data sovereignty and security focus, Telekom TechBoost program, B2B SaaS, team of 2-10","Documents, emails, images - unstructured data across business workflows"
"deepset","https://www.deepset.ai/","Transform Complex Document Analysis with Generative AI - LLM-Powered IDP","60-70% efficiency gains vs human processing with LLM-powered IDP, synergy between AI automation and human expertise","Contact for pricing","LLM-powered IDP platform for finance, real estate, legal sectors","Startups to government agencies, Finance, Real estate, Legal","60-70% efficiency improvement vs human processing, LLM-powered (focus on generative AI), practical use cases across industries, custom IDP with minimal engineering","Complex documents across finance, real estate, legal sectors"
"Ripcord","https://www.ripcord.com/platform","Robotic Digitization + IDP - Launched Docufai GenAI Platform","Backfile conversion with robotic digitization, Docufai generative AI platform for document insights","Subscription + services model","Backfile conversion + IDP with robotics, launched Docufai GenAI platform in 2024","Records/Backfile management, Government, Enterprises","$32M funding in 2024 (Kleiner Perkins, Google Ventures lead), robotic digitization capability, Docufai GenAI platform launch, government clients, backfile focus","Paper digitization, backfile conversion, document intelligence for government and enterprise archives"
"Scale AI Document AI","https://scale.com/","Document Pipelines with HITL - AI-Powered Data Platform","Document processing pipelines with human-in-the-loop for ML training data, used by OpenAI, Meta, US government","Usage-based pricing, enterprise contracts","Document pipelines with HITL for ML/AI training data and production workflows","Developers/Enterprises building AI, ML teams, Government","Used by OpenAI, Meta, US government for AI training data, human-in-the-loop for quality, document processing pipelines for ML, generative AI focus","Forms, invoices, IDs for ML training data and AI application pipelines"
"super.AI","https://super.ai/","AI + Human Pipelines - Crowd/HITL + AI for Document Processing","Combines AI automation with human crowd validation, workflow automation with quality control","Usage-based pricing","AI + human pipelines with crowd validation and HITL for quality assurance","Operations/IT teams, Businesses needing high accuracy with human validation","Crowd + HITL approach, combines AI with human validation, workflow automation, quality control focus","Forms, receipts, custom documents requiring high accuracy with human oversight"
"IBM Datacap","https://www.ibm.com/products/document-processing","Document Processing - Part of IBM Automation Suite","NLP/ML capture within IBM automation ecosystem, datacap included in suite","Subscription, enterprise licensing","Part of IBM automation suite with NLP/ML capture capabilities","IT/CoE at IBM shops, Enterprise IT","Part of IBM automation suite, NLP/ML capture, IBM Cloud Pak integration, RPA capabilities, enterprise focus, case studies: BMO, Turkcell","Capture, classify, extract across various document types for IBM customers"
"OpenText Intelligent Capture","https://www.opentext.com/products/capture-intelligent-document-processing","LLM-Assisted Capture + Process Automation","ECM-centric intelligent capture with LLM assistance, process automation integration","Subscription-based","Capture + process automation for ECM customers with LLM-assisted intelligence","ECM/IT teams, Content management admins","LLM-assisted capture (new in 2024), ECM focus (OpenText ecosystem), process automation integration, hybrid deployment","Capture, classify, extract for content management and ECM workflows"
"Hyland Brainware","https://www.hyland.com/en/products/brainware","Enterprise Capture + IDP under Hyland","Intelligent capture and classification within Hyland OnBase ecosystem","Subscription-based","Capture + IDP under Hyland OnBase for ECM customers","ECM/IT teams using Hyland/OnBase","Hyland OnBase ecosystem integration, enterprise capture focus, intelligent classification","Capture, classify, extract for Hyland OnBase users"
"Pega IDP","https://www.pega.com/","IDP Embedded in Pega Workflows","OCR/NLP within Pega process automation platform, embedded in workflows","Subscription (Pega platform licensing)","IDP embedded in Pega workflows for FSI and government process automation","Operations/IT in FSI, Government using Pega","Embedded in Pega Platform, OCR/NLP for process automation, FSI and government focus","Forms and documents across Pega-automated business processes"
"Appian IDP","https://appian.com/products/platform/process-automation/intelligent-document-processing","GenAI-Powered IDP - IDP Embedded in Process Platform","GenAI-powered document processing within Appian low-code platform, customers: Canada Life, MagMutual","Subscription (Appian platform licensing)","IDP embedded in Appian process platform with GenAI capabilities","Operations/IT in FSI, Government, Insurance using Appian","GenAI-powered IDP, embedded in Appian low-code platform, process automation focus, customers: Canada Life, MagMutual","Documents across business processes in FSI, government, insurance"
"Datamatics TruCap+","https://www.datamatics.com/intelligent-automation/products/trucap-plus","Template-less Capture for AP - AI/ML Document Processing","AI/ML template-less extraction for invoices and forms, India/Global focus","Subscription-based","Template-less capture for AP with India/Global market focus","Operations/IT in AP/Finance, India and Global","Template-less extraction (no pre-training), AI/ML powered, India-based vendor with global reach, AP/Finance focus","Invoices, forms for AP/Finance workflows"
"Celaton inSTREAM","https://www.celaton.com/","Inbound Content Automation - Adaptive Automation for Documents and Emails","Adaptive automation for inbound documents and emails, Retail and Insurance focus (EU/UK)","Subscription-based","Inbound content automation for retail and insurance with adaptive learning","Operations/Back office in Retail, Insurance (EU/UK)","Adaptive automation, inbound document and email focus, Retail and Insurance vertical, EU/UK market, learns from corrections","Inbound documents and emails for retail and insurance operations"
"Parascript","https://parascript.com/products-technology-solutions","Specialized IDP for Checks, Signatures, Forms - Fraud Prevention + Capture","High-accuracy check/signature AI, fraud prevention for banking and postal","Subscription-based","Specialized IDP for checks, signatures, fraud prevention in banking and postal","Banks, Government/Postal services (US/EU)","Specialized in checks and signatures, high-accuracy recognition, fraud prevention focus, banking and postal sectors","Checks, signatures, forms for banks, government, postal services"
"AntWorks CMR+","https://www.ant.works/","Template-less Cognitive Machine Reading","Cognitive machine reading for semi/unstructured documents without templates","Subscription-based","Template-less cognitive reading with AI","Operations/IT teams, Enterprises","Template-less approach, cognitive machine reading, AI-powered, RPA/BPM integrations","Semi-structured and unstructured documents across industries"
"Grooper (BIS)","https://www.bisok.com/grooper/","Capture-Centric IDP - Data Integration + Capture","Data integration + capture for document processing","Subscription-based","Capture-centric IDP with strong data integration capabilities","IT/Operations teams (US/EU focus)","Data integration focus, capture-centric approach, ECM/RPA integrations","Capture, classify, extract with data integration needs"
"SS&C Chorus Document Automation","https://www.ssctech.com/solutions/chorus","FSI-Focused Capture + IDP - From Vidado/Captricity Roots","Document automation for financial services from Vidado/Captricity legacy","Subscription-based","FSI-focused capture + IDP with Vidado/Captricity heritage","Operations in Financial Services/Insurance","FSI vertical focus, Vidado/Captricity heritage, SS&C financial services ecosystem","Forms, checks, claims for financial services and insurance"
"CaptureFast","https://www.capturefast.com/","Mobile-First Capture + IDP","Mobile capture and IDP for field operations","Subscription-based","Mobile-first capture for field and operations teams","Operations/Field teams (EU/Global)","Mobile-first approach, cloud and mobile app, field operations focus","Mobile capture + IDP for field operations"
"Sypht","https://sypht.com/","API-First Extraction - Australia-Based IDP","AI document extraction for invoices, receipts, IDs (Australia origin)","Usage-based API pricing","API-first extraction focused on APAC market (Australia based)","Developers/Operations in AP/Fintech (Australia/Global)","Australia-based, API-first approach, APAC market focus","Invoices, receipts, IDs for AP and fintech in APAC"
"Microblink (BlinkID)","https://microblink.com/","ID Document Scanning SDK/API - BlinkID Extraction","On-device and cloud ID document scanning SDK","License/usage-based","ID document scanning SDK/API with BlinkID technology","Developers, KYC/Onboarding applications","On-device + cloud options, BlinkID technology, mobile SDK focus, developer-friendly","ID cards, passports for KYC and identity verification apps"
"Smart Engines","https://smartengines.com/","Edge ID Document Recognition SDK","On-device OCR/ID recognition for passports and IDs","License-based","Edge ID document recognition with on-device processing","Developers, KYC/Border control (EU/Global)","On-device/edge processing, no cloud dependency, privacy-focused, SDK for mobile","Passports, IDs for KYC and border control"
"Regula Document Reader","https://regulaforensics.com/","Forensic-Grade ID Verification SDK","Identity document authentication with forensic-level accuracy","License-based","Forensic-grade ID verification for high-security applications","Developers, Border control, High-security KYC","Forensic-grade authentication, high-security focus, SDK/APIs for identity documents","Passports, IDs for border control and forensic-level verification"
"Anyline","https://anyline.com/","Mobile Scanning SDK - On-Device OCR","Mobile SDK for on-device scanning of IDs, license plates, barcodes","License-based","Mobile scanning SDK with on-device OCR (EU-based)","Developers, Field operations, KYC applications (EU/Global)","On-device processing (privacy), mobile SDK, IDs/license plates/barcodes, European vendor","IDs, license plates, barcodes, meters for field ops and KYC"
"OCR.Space","https://ocr.space/OCRAPI","Low-Cost OCR API","Free and low-cost OCR API for images and PDFs","Free tier + Per API call pricing","Low-cost OCR API for developers","Developers needing basic OCR","Low-cost/free OCR, simple REST API, basic text extraction","OCR for images/PDFs (basic text extraction)"
"Adobe PDF Extract API","https://developer.adobe.com/document-services/apis/pdf-extract/","PDF-Centric Extraction API - Tables/Forms from PDFs","Extract tables and forms from PDFs using Adobe AI","Per API call","PDF-centric extraction for Adobe ecosystem users","Developers working with PDFs","Adobe ecosystem, PDF-specific focus, table and form extraction, AI-powered","Tables/forms from PDFs for Adobe Document Services users"
"PDF.co (ByteScout)","https://pdf.co/","PDF Parsing and Data Extraction API","PDF tools + parsing and data extraction via API","Per API call","PDF parsing and data extraction API with Zapier integration","Developers needing PDF manipulation","PDF parsing, data extraction, Zapier integration, REST API","PDF parse/convert/extract for automation workflows"
"ExtractTable","https://extracttable.com/","Table Extraction API - Extract Tables from PDFs/Images","Tabular data extraction from PDFs and images","Per API call","Specialized API for table extraction from documents","Developers needing table extraction","Specialized in table extraction, PDF and image support, REST API","Tables from PDFs/images for data analysis"
"Tesseract OCR","https://github.com/tesseract-ocr/tesseract","Google Open-Source OCR Engine","General-purpose OCR engine, open-source","Free (Open-source)","Google's open-source OCR engine","Developers, Researchers","Google-backed, open-source, widely used, community support, general OCR","OCR for images/PDFs (open-source projects)"
"PaddleOCR","https://github.com/PaddlePaddle/PaddleOCR","Baidu PaddlePaddle Deep Learning OCR Toolkit","Deep learning OCR with layout analysis","Free (Open-source)","Baidu's deep learning OCR toolkit with layout support","Developers, Researchers in China/Global","Baidu PaddlePaddle framework, deep learning, layout analysis, Asian language support","OCR + layout for images with Asian language focus"
"docTR","https://github.com/mindee/doctr","Mindee OSS Deep Learning OCR - Text Detection/Recognition","Deep learning OCR for text detection and recognition","Free (Open-source)","Mindee's open-source OCR library","Developers, Researchers","Mindee-backed, deep learning approach, text detection + recognition, open-source","OCR (text detection/recognition) for documents"
"Donut (OCR-free)","https://github.com/clovaai/donut","OCR-Free Transformer for Documents - End-to-End","Transformer-based document parsing without OCR step","Free (Open-source)","OCR-free transformer model for end-to-end document understanding","Developers, Researchers, ML engineers","OCR-free approach (direct image-to-text), transformer-based, Naver Clova AI, research-focused","Document understanding without traditional OCR (end-to-end)"
"MMOCR","https://github.com/open-mmlab/mmocr","OpenMMLab OCR Models and Pipelines","Comprehensive OCR toolkit with models and pipelines","Free (Open-source)","OpenMMLab's OCR suite with multiple models","Developers, Researchers, Computer vision engineers","OpenMMLab framework, multiple OCR models, comprehensive toolkit, research-focused","OCR models and pipelines for research and development"
"LayoutParser","https://layout-parser.github.io/","Document Layout Analysis Toolkit","Open-source toolkit for document layout detection and parsing","Free (Open-source)","Layout analysis toolkit for document structure understanding","Developers, Researchers","Layout detection focus, document structure analysis, open-source, research community support","Layout detection + parsing for document structure analysis"
"GROBID","https://grobid.readthedocs.io/","Open-Source for Scholarly Documents - Scientific Papers to TEI/XML","Extract bibliographic information from scientific papers","Free (Open-source)","Open-source tool for scholarly document processing","Researchers, Publishers, Academic institutions","Scholarly document focus, bibliographic extraction, TEI/XML output, academic/research community","Scientific papers to TEI/XML for academic publishing"
"Microsoft SharePoint Syntex","https://www.microsoft.com/microsoft-365/sharepoint/syntex","Content AI with Forms Processing for M365","Forms processing, auto-tagging, content understanding within SharePoint","Per user + usage-based","Content AI with forms processing for Microsoft 365 ecosystem","M365 admins, IT teams in Microsoft shops","M365 integration, SharePoint-native, content AI, forms processing, auto-tagging, Power Platform connection","Forms processing, auto-tagging for M365/SharePoint content"
"SAP Document Information Extraction","https://help.sap.com/docs/btp/sap-document-information-extraction/overview","SAP-Native Document AI for BTP","Pretrained invoice/PO processors within SAP ecosystem","Subscription + usage-based","SAP-native document AI for SAP BTP customers","Enterprise IT using SAP S/4HANA, BTP","SAP-native, BTP integration, pretrained processors for SAP workflows","Invoices, POs, receipts for SAP customers"
"Oracle Document Understanding","https://www.oracle.com/artificial-intelligence/document-understanding/","OCI AI Document Processing","Document processing within Oracle Cloud Infrastructure","Usage-based","OCI AI document processing for Oracle ecosystem","Enterprise IT using Oracle ERP/OCI","OCI Vision/AI services, Oracle ecosystem integration, cloud-native","Invoices, forms, contracts for Oracle customers"
